scale,raw_score,score,percentile,range,ci_95,test,test_name,domain,subdomain,narrow,pass,verbal,timed,test_type,score_type,absort,description
Externalizing Problems (PR),282,101,99,Clinically Significant,96-106,basc3_prs_child,BASC-3 PRS,Behavioral/Emotional/Social,Externalizing Problems (PR),Behavioral (PR),,,,rating_scale,t_score,BASC-3 PRS_1,Externalizing Problems composite scale
Internalizing Problems (PR),191,66,93,At-Risk,61-71,basc3_prs_child,BASC-3 PRS,Behavioral/Emotional/Social,Internalizing Problems (PR),Emotional (PR),,,,rating_scale,t_score,BASC-3 PRS_2,Internalizing Problems composite scale
Behavioral Symptoms Index (PR),478,90,99,Clinically Significant,86-94,basc3_prs_child,BASC-3 PRS,Behavioral/Emotional/Social,Behavioral Symptoms Index (PR),Behavioral (PR),,,,rating_scale,t_score,BASC-3 PRS_3,Behavioral Symptoms Index composite scale
Adaptive Skills (PR),183,35,8,At-Risk,31-39,basc3_prs_child,BASC-3 PRS,Behavioral/Emotional/Social,Adaptive Skills (PR),Adaptive (PR),,,,rating_scale,t_score,BASC-3 PRS_4,Adaptive Skills composite scale
Hyperactivity (PR),29,94,99,Clinically Significant,86-102,basc3_prs_child,BASC-3 PRS,Behavioral/Emotional/Social,Externalizing Problems (PR),Behavioral (PR),,,,rating_scale,t_score,BASC-3 PRS_1,level of self-control
Aggression (PR),13,87,99,Clinically Significant,78-96,basc3_prs_child,BASC-3 PRS,Behavioral/Emotional/Social,Externalizing Problems (PR),Behavioral (PR),,,,rating_scale,t_score,BASC-3 PRS_2,acting aggressively
Conduct Problems (PR),23,101,99,Clinically Significant,94-108,basc3_prs_child,BASC-3 PRS,Behavioral/Emotional/Social,Externalizing Problems (PR),Behavioral (PR),,,,rating_scale,t_score,BASC-3 PRS_3,rule-breaking behavior
Anxiety (PR),12,51,60,Average,44-58,basc3_prs_child,BASC-3 PRS,Behavioral/Emotional/Social,Internalizing Problems (PR),Emotional (PR),,,,rating_scale,t_score,BASC-3 PRS_4,anxiety-based behaviors 
Depression (PR),24,88,99,Clinically Significant,81-95,basc3_prs_child,BASC-3 PRS,Behavioral/Emotional/Social,Internalizing Problems (PR),Emotional (PR),,,,rating_scale,t_score,BASC-3 PRS_5,depressive behaviors
Somatization (PR),6,52,62,Average,44-60,basc3_prs_child,BASC-3 PRS,Behavioral/Emotional/Social,Internalizing Problems (PR),Emotional (PR),,,,rating_scale,t_score,BASC-3 PRS_6,health-related problems
Atypicality (PR),17,81,98,Clinically Significant,74-88,basc3_prs_child,BASC-3 PRS,Behavioral/Emotional/Social,Behavioral Symptoms Index (PR),Social (PR),,,,rating_scale,t_score,BASC-3 PRS_7,"demonstration of clear, logical thought patterns and a general awareness of surroundings"
Withdrawal (PR),5,51,64,Average,43-59,basc3_prs_child,BASC-3 PRS,Behavioral/Emotional/Social,Behavioral Symptoms Index (PR),Social (PR),,,,rating_scale,t_score,BASC-3 PRS_8,avoid social situations and appears to be capable of developing and maintaining friendships with others
Attention Problems (PR),18,77,99,Clinically Significant,70-84,basc3_prs_child,BASC-3 PRS,Behavioral/Emotional/Social,Behavioral Symptoms Index (PR),Behavioral (PR),,,,rating_scale,t_score,BASC-3 PRS_9,maintain necessary levels of attention
Adaptability (PR),7,32,3,At-Risk,24-40,basc3_prs_child,BASC-3 PRS,Behavioral/Emotional/Social,Adaptive Skills (PR),Adaptive (PR),,,,rating_scale,t_score,BASC-3 PRS_10,adaptation to most situations and able to quickly recover from situations that are difficult
Social Skills (PR),21,50,43,Average,44-56,basc3_prs_child,BASC-3 PRS,Behavioral/Emotional/Social,Adaptive Skills (PR),Adaptive (PR),,,,rating_scale,t_score,BASC-3 PRS_11,socially adept and at ease
Leadership (PR),11,47,37,Average,39-55,basc3_prs_child,BASC-3 PRS,Behavioral/Emotional/Social,Adaptive Skills (PR),Adaptive (PR),,,,rating_scale,t_score,BASC-3 PRS_12,"creative, works well under pressure, and/or can effectively unite others to work together"
Activities of Daily Living (PR),6,23,1,Clinically Significant,14-32,basc3_prs_child,BASC-3 PRS,Behavioral/Emotional/Social,Adaptive Skills (PR),Adaptive (PR),,,,rating_scale,t_score,BASC-3 PRS_13,able to adequately perform simple daily tasks in a safe and efficient manner
Functional Communication (PR),14,31,5,At-Risk,24-38,basc3_prs_child,BASC-3 PRS,Behavioral/Emotional/Social,Adaptive Skills (PR),Adaptive (PR),,,,rating_scale,t_score,BASC-3 PRS_14,exhibits appropriate expressive and receptive communication skills and displays a strong ability to seek out and find new information independently