scale,raw_score,score,percentile,range,ci_95,test,test_name,domain,subdomain,narrow,pass,verbal,timed,test_type,score_type,absort,description
Activation,25,87,99,Markedly Elevated,81-93,brown_prs,Brown EF/A Parent,Behavioral/Emotional/Social,Executive Function (PR),Activation,,,,rating_scale,t_score,BROWN-EFA_PARENT_01,"organizing, prioritizing, and activating to work"
Focus,26,83,99,Markedly Elevated,78-88,brown_prs,Brown EF/A Parent,Behavioral/Emotional/Social,Executive Function (PR),Focus,,,,rating_scale,t_score,BROWN-EFA_PARENT_02,"focusing, sustaining, and shifting attention to tasks"
Effort,22,79,99,Markedly Elevated,74-84,brown_prs,Brown EF/A Parent,Behavioral/Emotional/Social,Executive Function (PR),Effort,,,,rating_scale,t_score,BROWN-EFA_PARENT_03,"regulating alertness, sustaining effort, and adjusting processing speed"
Emotion,20,76,98,Markedly Elevated,69-83,brown_prs,Brown EF/A Parent,Behavioral/Emotional/Social,Executive Function (PR),Emotion,,,,rating_scale,t_score,BROWN-EFA_PARENT_04,managing frustration and modulating emotions
Memory,25,83,99,Markedly Elevated,78-88,brown_prs,Brown EF/A Parent,Behavioral/Emotional/Social,Executive Function (PR),Memory,,,,rating_scale,t_score,BROWN-EFA_PARENT_05,utilizing working memory and accessing recall
Action,29,82,99,Markedly Elevated,77-87,brown_prs,Brown EF/A Parent,Behavioral/Emotional/Social,Executive Function (PR),Action,,,,rating_scale,t_score,BROWN-EFA_PARENT_06,monitoring and self-regulating action
Total Composite,147,85,99,Markedly Elevated,82-88,brown_prs,Brown EF/A Parent,Behavioral/Emotional/Social,Executive Function (PR),Total Composite,,,,rating_scale,t_score,BROWN-EFA_PARENT_07,general executive functioning in daily life