scale,raw_score,score,percentile,range,ci_95,test,test_name,domain,subdomain,narrow,pass,verbal,timed,test_type,score_type,absort,description
Verbal Comprehension (VCI),23,108,70,Average,100-115,wisc5,WISC-5,Intelligence/General Ability,Crystallized Intelligence,Crystallized Intelligence,Successive,Verbal,Untimed,npsych_test,standard_score,wisc5_verbal comprehension (vci)_1,"ability to verbalize meaningful concepts, think about verbal information, and express oneself using words; verbal concept formation, verbal reasoning, verbal comprehension and expression, acquired knowledge, and practical knowledge and judgment"
Fluid Reasoning (FRI),19,97,42,Average,90-104,wisc5,WISC-5,Intelligence/General Ability,Fluid Intelligence,Fluid Intelligence,Simultaneous,Nonverbal,Timed,npsych_test,standard_score,wisc5_fluid reasoning (fri)_3,ability to use reasoning to identify and apply solutions to problems
Working Memory (WMI),,,,,,wisc5,WISC-5,Intelligence/General Ability,Working Memory,Working Memory,Attention,Verbal,Untimed,npsych_test,standard_score,wisc5_working memory (wmi)_4,"ability to consciously register, maintain, and manipulate auditory and visual information"
Processing Speed (PSI),,,,,,wisc5,WISC-5,Intelligence/General Ability,Processing Speed,Processing Speed,Planning,Nonverbal,Timed,npsych_test,standard_score,wisc5_processing speed (psi)_5,ability to quickly use reasoning to identfy and apply soluations to problems
Full Scale IQ (FSIQ),69,99,47,Average,93-105,wisc5,WISC-5,Intelligence/General Ability,General Intelligence,General Intelligence,,Verbal/Nonverbal,Timed,npsych_test,standard_score,wisc5_full scale iq (fsiq)_6,general intellectual ability
General Ability (GAI),52,103,58,Average,97-109,wisc5,WISC-5,Intelligence/General Ability,General Intelligence,General Intelligence,,Verbal/Nonverbal,Untimed,npsych_test,standard_score,wisc5_general ability (gai)_6,a subset of intellectual functioning with reduced influences of working memory and processing speed
Similarities,25,10,50,Average,,wisc5,WISC-5,Verbal/Language,Verbal Reasoning,Word Reasoning,Successive,Verbal,Untimed,npsych_test,scaled_score,wisc5_similarities_1,verbal concept formation and abstract reasoning
Vocabulary,31,13,84,High-Average,,wisc5,WISC-5,Verbal/Language,Verbal Reasoning,Word Knowledge,Successive,Verbal,Untimed,npsych_test,scaled_score,wisc5_vocabulary_2,verbal concept formation and word knowledge
Block Design,26,10,50,Average,,wisc5,WISC-5,Visual Perception/Construction,Fluid Reasoning,Visuomotor Integration,Simultaneous,Nonverbal,Timed,npsych_test,scaled_score,wisc5_block design_5,visual-spatial processing and visual-motor integration
Matrix Reasoning,19,10,50,Average,,wisc5,WISC-5,Visual Perception/Construction,Fluid Reasoning,Perceptual Reasoning,Simultaneous,Nonverbal,Untimed,npsych_test,scaled_score,wisc5_matrix reasoning_7,"fluid intelligence, classificaiton and spatial ability, simultaneous processing, attention to visual detail, and working memory"
Figure Weights,19,9,37,Average,,wisc5,WISC-5,Visual Perception/Construction,Fluid Reasoning,Quantitative Reasoning,Simultaneous,Nonverbal,Timed,npsych_test,scaled_score,wisc5_figure weights_8,"quantitative and inductive reasoning, mental flexibility, and set shifting"
Letter-Number Sequencing,14,8,25,Average,,wisc5,WISC-5,Attention/Executive,Working Memory,Verbal Working Memory,Successive,Verbal,Untimed,npsych_test,scaled_score,wisc5_letter-number sequencing_13,"sequencing and working memory, as well as auditory sequential processing, immediate auditory memory, attention, numerical ability, and visual-spatial imaging"
Coding,36,9,37,Average,,wisc5,WISC-5,Attention/Executive,Processing Speed,Psychomotor Speed,Planning,Nonverbal,Timed,npsych_test,scaled_score,wisc5_coding_14,"visual-motor processing speed, as well as graphomotor speed, short-term memory, learning ability, visual acuity, sequential processing, and attention to visual stimuli"
Block Design No Time Bonus,26,10,,,,wisc5,WISC-5,Visual Perception/Construction,Fluid Reasoning,Visuoconstruction,Simultaneous,Nonverbal,Untimed,npsych_test,scaled_score,wisc5_block design no time bonus_1,visuoconstruction and integration of blocks (untimed)